2026-06-23 03:01:55,https://chatgpt.com/,200,0.89315,UP
2026-06-23 03:02:06,https://chatgpt.com/,200,0.867009,UP
2026-06-23 03:02:18,https://chatgpt.com/,200,0.89424,UP
2026-06-24 04:16:02,https://chatgpt.com/,200,0.608831,UP
2026-06-24 04:16:13,https://chatgpt.com/,200,0.523498,UP
2026-06-24 04:37:42,https://chatgpt.com/,ERROR,N/A,DOWN
2026-06-24 04:37:57,https://chatgpt.com/,ERROR,N/A,DOWN
2026-06-24 04:38:08,https://chatgpt.com/,200,0.521668,UP
2026-06-24 04:38:19,https://chatgpt.com/,200,0.48842,UP
2026-06-24 04:38:29,https://chatgpt.com/,200,0.66939,UP
2026-06-24 04:38:40,https://chatgpt.com/,200,0.518884,UP
2026-06-24 04:38:51,https://chatgpt.com/,200,0.497875,UP
2026-06-24 04:39:01,https://chatgpt.com/,200,0.61294,UP
2026-06-24 04:39:12,https://chatgpt.com/,200,0.576607,UP
2026-06-24 04:39:23,https://chatgpt.com/,200,0.54321,UP
